case,measured_time_norm,reference_used,dt_s,future_dT_K,future_max_abs_dY,increment_dT_K,increment_max_abs_dY,E_max_T1_Y1e-3,E_max_T1_Y1e-4,E_max_T10_Y1e-3,enthalpy_mismatch_J_kg,elemental_mismatch_max
test_0,0.10000000000000003,predicted_canonical,1e-07,-0.008838605609980732,1.8926667838536915e-07,-0.0020251424234629667,1.0727496830842398e-06,0.008838605609980732,0.008838605609980732,0.0008838605609980732,1.6298145055770874e-09,2.220446049250313e-16
test_0,0.10000000000000003,predicted_canonical,1e-06,-0.009249720389107097,5.982585181973921e-07,-0.0024362572025893314,1.4817415228962627e-06,0.009249720389107097,0.009249720389107097,0.0009249720389107096,1.862645149230957e-09,2.220446049250313e-16
test_0,0.10000000000000003,predicted_canonical,1e-05,-0.007973850286361994,5.751142673759979e-07,-0.001160387099844229,1.4585972720748686e-06,0.007973850286361994,0.007973850286361994,0.0007973850286361994,2.3283064365386963e-10,2.220446049250313e-16
test_0,0.10000000000000003,predicted_canonical,0.0001,-0.0020184728887215897,1.4698417266645336e-07,0.004794990297796176,1.030467177365324e-06,0.0020184728887215897,0.0020184728887215897,0.00020184728887215898,2.3748725652694702e-08,2.220446049250313e-16
test_0,0.10000000000000003,predicted_corrected,1e-07,0.0005248573429526004,2.7310453558360148e-08,6.772032611479517e-05,3.825047226180267e-08,0.0005248573429526004,0.0005248573429526004,5.2485734295260043e-05,1.6298145055770874e-09,2.220446049250313e-16
test_0,0.10000000000000003,predicted_corrected,1e-06,0.0005241361786829657,2.9395391176745278e-08,6.699916184516042e-05,5.9012324638008096e-08,0.0005241361786829657,0.0005241361786829657,5.2413617868296567e-05,1.862645149230957e-09,2.220446049250313e-16
test_0,0.10000000000000003,predicted_corrected,1e-05,0.00044552832696354017,3.213276733582404e-08,-1.160868987426511e-05,6.174970079708686e-08,0.00044552832696354017,0.00044552832696354017,4.455283269635402e-05,3.4924596548080444e-09,2.220446049250313e-16
test_0,0.10000000000000003,predicted_corrected,0.0001,0.00011277958901700913,8.212581364963611e-09,-0.00034435742782079615,3.782951482622643e-08,0.00011277958901700913,0.00011277958901700913,1.1277958901700912e-05,3.14321368932724e-08,2.220446049250313e-16
test_0,0.10000000000000003,oracle_canonical,1e-07,-0.009282668480409484,1.9698503067600015e-07,-0.0020299486131989397,1.079186426777845e-06,0.009282668480409484,0.009282668480409484,0.0009282668480409484,1.6298145055770874e-09,1.1102230246251565e-16
test_0,0.10000000000000003,oracle_canonical,1e-06,-0.009670382959939161,6.184312013879367e-07,-0.002417663092728617,1.5006325974897816e-06,0.009670382959939161,0.009670382959939161,0.0009670382959939162,3.026798367500305e-09,1.1102230246251565e-16
test_0,0.10000000000000003,oracle_canonical,1e-05,-0.00832663143546597,6.005573301715028e-07,-0.0010739115682554257,1.4827587262733477e-06,0.00832663143546597,0.00832663143546597,0.000832663143546597,9.313225746154785e-10,1.1102230246251565e-16
test_0,0.10000000000000003,oracle_canonical,0.0001,-0.0021077736732877383,1.5348701723483238e-07,0.005144946193922806,1.0356884133366773e-06,0.0021077736732877383,0.0021077736732877383,0.00021077736732877383,2.584420144557953e-08,1.1102230246251565e-16
test_1,0.09999999999999994,predicted_canonical,1e-07,-0.015966408665917697,3.3000777127645264e-07,-0.0035284107198094716,1.876406788725582e-06,0.015966408665917697,0.015966408665917697,0.0015966408665917698,1.6298145055770874e-09,3.3306690738754696e-16
test_1,0.09999999999999994,predicted_canonical,1e-06,-0.016640831333461392,1.0633174195029405e-06,-0.0042028333873531665,2.6097164369520698e-06,0.016640831333461392,0.016640831333461392,0.0016640831333461393,3.725290298461914e-09,3.3306690738754696e-16
test_1,0.09999999999999994,predicted_canonical,1e-05,-0.01432520590697095,1.0336352957163175e-06,-0.0018872079608627246,2.580034313165447e-06,0.01432520590697095,0.01432520590697095,0.001432520590697095,6.51925802230835e-09,3.3306690738754696e-16
test_1,0.09999999999999994,predicted_canonical,0.0001,-0.003624302919888578,2.6394797703055417e-07,0.008813695026219648,1.8103469944796835e-06,0.003624302919888578,0.003624302919888578,0.0003624302919888578,2.491287887096405e-08,3.3306690738754696e-16
test_1,0.09999999999999994,predicted_corrected,1e-07,-0.0017335313982584921,4.2232050061902227e-08,-0.00034660808660191833,1.869378501162533e-07,0.0017335313982584921,0.0017335313982584921,0.0001733531398258492,1.6298145055770874e-09,3.3306690738754696e-16
test_1,0.09999999999999994,predicted_corrected,1e-06,-0.0017847771878223284,1.0849448481287105e-07,-0.00039785387616575463,2.6700557609338205e-07,0.0017847771878223284,0.0017847771878223284,0.00017847771878223284,3.725290298461914e-09,3.3306690738754696e-16
test_1,0.09999999999999994,predicted_corrected,1e-05,-0.0015286375169125677,1.1029704716225552e-07,-0.00014171420525599387,2.688081384427665e-07,0.0015286375169125677,0.0015286375169125677,0.00015286375169125676,6.51925802230835e-09,3.3306690738754696e-16
test_1,0.09999999999999994,predicted_corrected,0.0001,-0.00038675067935400875,2.8165909826682878e-08,0.001000172632302565,1.8667700110719387e-07,0.00038675067935400875,0.00038675067935400875,3.8675067935400874e-05,3.096647560596466e-08,3.3306690738754696e-16
test_1,0.09999999999999994,oracle_canonical,1e-07,-0.016199466241232585,3.4468762799555464e-07,-0.0035293417513457825,1.8773254837345377e-06,0.016199466241232585,0.016199466241232585,0.0016199466241232584,2.7939677238464355e-09,1.6653345369377348e-16
test_1,0.09999999999999994,oracle_canonical,1e-06,-0.016869508361651242,1.0788931820715497e-06,-0.004199383871764439,2.6115310378105328e-06,0.016869508361651242,0.016869508361651242,0.0016869508361651241,3.725290298461914e-09,1.6653345369377348e-16
test_1,0.09999999999999994,oracle_canonical,1e-05,-0.014523413358801918,1.0479372460903136e-06,-0.001853288868915115,2.5805751018292966e-06,0.014523413358801918,0.014523413358801918,0.0014523413358801917,6.51925802230835e-09,1.6653345369377348e-16
test_1,0.09999999999999994,oracle_canonical,0.0001,-0.003674449405480118,2.676000140366952e-07,0.008995675084406685,1.8002378697756782e-06,0.003674449405480118,0.003674449405480118,0.0003674449405480118,2.514570951461792e-08,1.6653345369377348e-16
test_2,0.10000000000000005,predicted_canonical,1e-07,-0.013286329426591692,2.4152506922225925e-07,-0.002848591740530537,1.5238584955834522e-06,0.013286329426591692,0.013286329426591692,0.0013286329426591692,9.313225746154785e-10,1.3877787807814457e-16
test_2,0.10000000000000005,predicted_canonical,1e-06,-0.013781718163045298,8.609594064623582e-07,-0.003343980476984143,2.143292832823551e-06,0.013781718163045298,0.013781718163045298,0.0013781718163045297,1.3969838619232178e-09,1.3877787807814457e-16
test_2,0.10000000000000005,predicted_canonical,1e-05,-0.0118357128981188,8.541496064606857e-07,-0.001397975212057645,2.1364830328218787e-06,0.0118357128981188,0.0118357128981188,0.00118357128981188,4.423782229423523e-09,1.3877787807814457e-16
test_2,0.10000000000000005,predicted_canonical,0.0001,-0.0029937953736407508,2.180394375328465e-07,0.007443942312420404,1.5003728638940395e-06,0.0029937953736407508,0.0029937953736407508,0.00029937953736407507,2.8405338525772095e-08,1.3877787807814457e-16
test_2,0.10000000000000005,predicted_corrected,1e-07,-0.00085252089502319,1.510361302380081e-07,-6.880006594656152e-05,4.765643921156304e-08,0.00085252089502319,0.001510361302380081,0.0001510361302380081,1.1641532182693481e-09,3.3306690738754696e-16
test_2,0.10000000000000005,predicted_corrected,1e-06,-0.0008038119185584947,5.354083917191721e-08,-2.009108948186622e-05,1.0994818134407724e-07,0.0008038119185584947,0.0008038119185584947,8.038119185584946e-05,1.1641532182693481e-09,3.3306690738754696e-16
test_2,0.10000000000000005,predicted_corrected,1e-05,-0.000656993678148865,4.740831044403038e-08,0.00012672715092776343,1.8568243154507003e-07,0.000656993678148865,0.000656993678148865,6.56993678148865e-05,4.423782229423523e-09,3.3306690738754696e-16
test_2,0.10000000000000005,predicted_corrected,0.0001,-0.00016618313202343415,1.2103147317699126e-08,0.0006175376970531943,1.6831501885652966e-07,0.00016618313202343415,0.00016618313202343415,1.6618313202343417e-05,2.8405338525772095e-08,3.3306690738754696e-16
test_2,0.10000000000000005,oracle_canonical,1e-07,-0.013108621170886181,2.792734556111842e-07,-0.0028423331186786527,1.512671024300749e-06,0.013108621170886181,0.013108621170886181,0.0013108621170886182,1.6298145055770874e-09,3.3306690738754696e-16
test_2,0.10000000000000005,oracle_canonical,1e-06,-0.013644683945130964,8.721896484764624e-07,-0.003378395892923436,2.1055872171660273e-06,0.013644683945130964,0.013644683945130964,0.0013644683945130964,9.313225746154785e-10,3.3306690738754696e-16
test_2,0.10000000000000005,oracle_canonical,1e-05,-0.011745817829250882,8.476660805500913e-07,-0.0014795297770433535,2.081063649239656e-06,0.011745817829250882,0.011745817829250882,0.001174581782925088,4.423782229423523e-09,3.3306690738754696e-16
test_2,0.10000000000000005,oracle_canonical,0.0001,-0.00297105854815527,2.1638350197750178e-07,0.0072952295040522586,1.4497810706670666e-06,0.00297105854815527,0.00297105854815527,0.000297105854815527,2.8405338525772095e-08,3.3306690738754696e-16
test_3,0.1000000000000001,predicted_canonical,1e-07,0.01454442618342,3.1522526272587115e-07,0.0031609358866262482,1.6808155510472655e-06,0.01454442618342,0.01454442618342,0.001454442618342,1.1641532182693481e-09,4.996003610813204e-16
test_3,0.1000000000000001,predicted_canonical,1e-06,0.015146927976729785,9.70681433759557e-07,0.0037634376799360325,2.3362717220809515e-06,0.015146927976729785,0.015146927976729785,0.0015146927976729784,3.259629011154175e-09,4.996003610813204e-16
test_3,0.1000000000000001,predicted_canonical,1e-05,0.013042522694377112,9.411833337691355e-07,0.0016590323975833599,2.30677362209053e-06,0.013042522694377112,0.013042522694377112,0.0013042522694377112,9.313225746154785e-10,4.996003610813204e-16
test_3,0.1000000000000001,predicted_canonical,0.0001,0.00329933632428947,2.4028802894648926e-07,-0.008084153972504282,1.6058783172678837e-06,0.00329933632428947,0.00329933632428947,0.000329933632428947,2.7008354663848877e-08,4.996003610813204e-16
test_3,0.1000000000000001,predicted_corrected,1e-07,0.0145444258059797,3.1522526441896126e-07,0.003160935891628469,1.6808155527403557e-06,0.0145444258059797,0.0145444258059797,0.00145444258059797,2.0954757928848267e-09,4.996003610813204e-16
test_3,0.1000000000000001,predicted_corrected,1e-06,0.015146927602927462,9.706814360355143e-07,0.003763437688576232,2.3362717243569087e-06,0.015146927602927462,0.015146927602927462,0.0015146927602927463,2.0954757928848267e-09,4.996003610813204e-16
test_3,0.1000000000000001,predicted_corrected,1e-05,0.01304252235149761,9.411833376826717e-07,0.0016590324371463794,2.306773626004066e-06,0.01304252235149761,0.01304252235149761,0.0013042522351497609,2.3283064365386963e-09,4.996003610813204e-16
test_3,0.1000000000000001,predicted_corrected,0.0001,0.00329933612692912,2.402880436014332e-07,-0.00808415378742211,1.6058783319228276e-06,0.00329933612692912,0.00329933612692912,0.000329933612692912,2.7008354663848877e-08,4.996003610813204e-16
test_3,0.1000000000000001,oracle_canonical,1e-07,0.014453486468482879,3.075961096665747e-07,0.0031608042486368504,1.6808717492600156e-06,0.014453486468482879,0.014453486468482879,0.001445348646848288,1.6298145055770874e-09,6.661338147750939e-16
test_3,0.1000000000000001,oracle_canonical,1e-06,0.015056257424475916,9.637072083679143e-07,0.0037635752046298876,2.3369828479613552e-06,0.015056257424475916,0.015056257424475916,0.0015056257424475917,2.7939677238464355e-09,6.661338147750939e-16
test_3,0.1000000000000001,oracle_canonical,1e-05,0.012962815836090158,9.354312758003136e-07,0.0016701336162441294,2.3087069153937545e-06,0.012962815836090158,0.012962815836090158,0.0012962815836090158,9.313225746154785e-10,6.661338147750939e-16
test_3,0.1000000000000001,oracle_canonical,0.0001,0.003279172814472986,2.3881953925553034e-07,-0.008013509405373043,1.6120951788489712e-06,0.003279172814472986,0.003279172814472986,0.00032791728144729857,2.7008354663848877e-08,6.661338147750939e-16
test_4,0.10000000000000005,predicted_canonical,1e-07,-0.005158979560746957,1.0570093308959194e-07,-0.0012251521152393252,6.482014525410751e-07,0.005158979560746957,0.005158979560746957,0.0005158979560746957,1.6298145055770874e-09,5.551115123125783e-16
test_4,0.10000000000000005,predicted_canonical,1e-06,-0.005413692240836099,3.509220206088237e-07,-0.0014798647953284672,8.934225400603069e-07,0.005413692240836099,0.005413692240836099,0.0005413692240836098,1.862645149230957e-09,5.551115123125783e-16
test_4,0.10000000000000005,predicted_canonical,1e-05,-0.004667649045586586,3.3672766833192647e-07,-0.0007338216000789544,8.792281877834096e-07,0.004667649045586586,0.004667649045586586,0.0004667649045586586,6.05359673500061e-09,5.551115123125783e-16
test_4,0.10000000000000005,predicted_canonical,0.0001,-0.0011812257780547952,8.602101636556725e-08,0.0027526016674528364,6.285215358170504e-07,0.0011812257780547952,0.0011812257780547952,0.00011812257780547952,2.3981556296348572e-08,5.551115123125783e-16
test_4,0.10000000000000005,predicted_corrected,1e-07,0.0023384843839266978,5.295056965115563e-08,0.0004508056495069468,2.415628382324009e-07,0.0023384843839266978,0.0023384843839266978,0.00023384843839266978,9.313225746154785e-10,5.551115123125783e-16
test_4,0.10000000000000005,predicted_corrected,1e-06,0.002412253703823808,1.5180993240271334e-07,0.0005245749694040569,3.404222009839586e-07,0.002412253703823808,0.002412253703823808,0.0002412253703823808,3.958120942115784e-09,5.551115123125783e-16
test_4,0.10000000000000005,predicted_corrected,1e-05,0.0020734453146360465,1.4957853061714488e-07,0.00018576658021629555,3.381907991983901e-07,0.0020734453146360465,0.0020734453146360465,0.00020734453146360466,3.259629011154175e-09,5.551115123125783e-16
test_4,0.10000000000000005,predicted_corrected,0.0001,0.0005247212584436056,3.821205815657258e-08,-0.0013629574759761454,2.2682432673781783e-07,0.0005247212584436056,0.0005247212584436056,5.247212584436056e-05,2.3981556296348572e-08,5.551115123125783e-16
test_4,0.10000000000000005,oracle_canonical,1e-07,-0.00561090874225556,1.1920918913110867e-07,-0.0012294391208342859,6.53564517227867e-07,0.00561090874225556,0.00561090874225556,0.0005610908742255561,3.259629011154175e-09,3.3306690738754696e-16
test_4,0.10000000000000005,oracle_canonical,1e-06,-0.005846101854785957,3.741261418721553e-07,-0.0014646322333646822,9.084814699689137e-07,0.005846101854785957,0.005846101854785957,0.0005846101854785956,5.820766091346741e-09,3.3306690738754696e-16
test_4,0.10000000000000005,oracle_canonical,1e-05,-0.005033704206198308,3.6313426407530436e-07,-0.0006522345847770339,8.974895921720627e-07,0.005033704206198308,0.005033704206198308,0.0005033704206198308,3.259629011154175e-09,3.3306690738754696e-16
test_4,0.10000000000000005,oracle_canonical,0.0001,-0.001273861424124334,9.276707621519442e-08,0.0031076081972969405,6.271224043119528e-07,0.001273861424124334,0.001273861424124334,0.0001273861424124334,2.3981556296348572e-08,3.3306690738754696e-16
test_5,0.10000000000000003,predicted_canonical,1e-07,-0.004049350407512975,1.6658117433024366e-07,-0.0008282674598376616,4.505453708447682e-07,0.004049350407512975,0.004049350407512975,0.0004049350407512975,1.3969838619232178e-09,3.0531133177191805e-16
test_5,0.10000000000000003,predicted_canonical,1e-06,-0.004153018157921906,2.4043448051958016e-07,-0.0009319352102465928,6.550291106466322e-07,0.004153018157921906,0.004153018157921906,0.0004153018157921906,1.1641532182693481e-09,3.0531133177191805e-16
test_5,0.10000000000000003,predicted_canonical,1e-05,-0.003540774433986371,2.553671764327081e-07,-0.0003196914863110578,6.699618065597601e-07,0.003540774433986371,0.003540774433986371,0.0003540774433986371,3.026798367500305e-09,3.0531133177191805e-16
test_5,0.10000000000000003,predicted_canonical,0.0001,-0.0008963231339293998,6.526941931372932e-08,0.0023247598137459136,4.798640494407813e-07,0.0008963231339293998,0.0008963231339293998,8.963231339293997e-05,2.444721758365631e-08,3.0531133177191805e-16
test_5,0.10000000000000003,predicted_corrected,1e-07,0.00138134559529135,1.4942344812862718e-07,0.00038553220701942337,1.9383742613787724e-07,0.00138134559529135,0.0014942344812862718,0.00014942344812862718,1.862645149230957e-09,4.440892098500626e-16
test_5,0.10000000000000003,predicted_corrected,1e-06,0.0015156443510022655,1.2364624946137326e-07,0.0005198309627303388,2.5672274356000613e-07,0.0015156443510022655,0.0015156443510022655,0.00015156443510022655,9.313225746154785e-10,4.440892098500626e-16
test_5,0.10000000000000003,predicted_corrected,1e-05,0.001342503331215994,9.683079144062745e-08,0.0003466899429440673,2.7187043000892475e-07,0.001342503331215994,0.001342503331215994,0.0001342503331215994,1.1641532182693481e-09,4.440892098500626e-16
test_5,0.10000000000000003,predicted_corrected,0.0001,0.0003398494295652199,2.474753826864351e-08,-0.0006559639587067068,2.5548450253640165e-07,0.0003398494295652199,0.0003398494295652199,3.3984942956521993e-05,2.7241185307502747e-08,4.440892098500626e-16
test_5,0.10000000000000003,oracle_canonical,1e-07,-0.003774931866246334,8.008566379502646e-08,-0.0008198919786082115,4.3616975070603914e-07,0.003774931866246334,0.003774931866246334,0.0003774931866246334,1.1641532182693481e-09,2.7755575615628914e-16
test_5,0.10000000000000003,oracle_canonical,1e-06,-0.003930322579890344,2.510509256037352e-07,-0.0009752826922522218,6.071350125147479e-07,0.003930322579890344,0.003930322579890344,0.0003930322579890344,9.313225746154785e-10,2.7755575615628914e-16
test_5,0.10000000000000003,oracle_canonical,1e-05,-0.0033838461322375224,2.440538949821658e-07,-0.0004288062445994001,6.001379818931785e-07,0.0033838461322375224,0.0033838461322375224,0.0003383846132237522,3.4924596548080444e-09,2.7755575615628914e-16
test_5,0.10000000000000003,oracle_canonical,0.0001,-0.0008565998041376588,6.237680191811812e-08,0.0020984400835004635,4.184608888291308e-07,0.0008565998041376588,0.0008565998041376588,8.565998041376588e-05,3.026798367500305e-08,2.7755575615628914e-16
test_6,0.30000000000000004,predicted_canonical,1e-07,0.031356562599739846,1.2735358624789417e-06,0.006299691593540047,3.43205396377555e-06,0.031356562599739846,0.031356562599739846,0.0031356562599739847,2.0954757928848267e-09,6.661338147750939e-16
test_6,0.30000000000000004,predicted_canonical,1e-06,0.032117818684582744,1.8693473128328364e-06,0.007060947678382945,4.9887091017053464e-06,0.032117818684582744,0.032117818684582744,0.0032117818684582744,9.313225746154785e-10,6.661338147750939e-16
test_6,0.30000000000000004,predicted_canonical,1e-05,0.027372927319902374,1.978389289364335e-06,0.0023160563137025747,5.097751078236845e-06,0.027372927319902374,0.027372927319902374,0.002737292731990237,2.561137080192566e-09,6.661338147750939e-16
test_6,0.30000000000000004,predicted_canonical,0.0001,0.006910428212449915,5.034831525307926e-07,-0.018146442793749884,3.6228449414033026e-06,0.006910428212449915,0.006910428212449915,0.0006910428212449915,3.4924596548080444e-08,6.661338147750939e-16
test_6,0.30000000000000004,predicted_corrected,1e-07,0.031356562383734854,1.2735358626246585e-06,0.006299691596723278,3.432053964802506e-06,0.031356562383734854,0.031356562383734854,0.0031356562383734856,2.0954757928848267e-09,6.661338147750939e-16
test_6,0.30000000000000004,predicted_corrected,1e-06,0.03211781847085149,1.8693473141373484e-06,0.007060947683839913,4.9887091030098585e-06,0.03211781847085149,0.03211781847085149,0.003211781847085149,9.313225746154785e-10,6.661338147750939e-16
test_6,0.30000000000000004,predicted_corrected,1e-05,0.02737292712117778,1.978389291473759e-06,0.0023160563341662055,5.097751080346269e-06,0.02737292712117778,0.02737292712117778,0.002737292712117778,2.561137080192566e-09,6.661338147750939e-16
test_6,0.30000000000000004,predicted_corrected,0.0001,0.006910428099217825,5.034831608297097e-07,-0.01814644268779375,3.6228449497022197e-06,0.006910428099217825,0.006910428099217825,0.0006910428099217824,3.4924596548080444e-08,6.661338147750939e-16
test_6,0.30000000000000004,oracle_canonical,1e-07,0.028407812298610224,6.099667681780385e-07,0.006216696260253229,3.3085288479173247e-06,0.028407812298610224,0.028407812298610224,0.0028407812298610223,2.0954757928848267e-09,6.661338147750939e-16
test_6,0.30000000000000004,oracle_canonical,1e-06,0.02958819642844901,1.8990963434051267e-06,0.007397080390092015,4.597658423144413e-06,0.02958819642844901,0.02958819642844901,0.002958819642844901,9.313225746154785e-10,6.661338147750939e-16
test_6,0.30000000000000004,oracle_canonical,1e-05,0.02546679840907018,1.8406618585709023e-06,0.0032756823707131844,4.5392239383101884e-06,0.02546679840907018,0.02546679840907018,0.002546679840907018,2.561137080192566e-09,6.661338147750939e-16
test_6,0.30000000000000004,oracle_canonical,0.0001,0.006429224637031439,4.684235124785552e-07,-0.015761891401325556,3.1669855922178414e-06,0.006429224637031439,0.006429224637031439,0.0006429224637031439,3.4924596548080444e-08,6.661338147750939e-16
test_7,0.29999999999999993,predicted_canonical,1e-07,-0.042141802068726975,8.585289726914525e-07,-0.009146886129656195,4.9094467056975954e-06,0.042141802068726975,0.042141802068726975,0.0042141802068726975,1.1641532182693481e-09,4.718447854656915e-16
test_7,0.29999999999999993,predicted_canonical,1e-06,-0.043658545464950294,2.6864775072021896e-06,-0.010663629525879514,6.945638932942533e-06,0.043658545464950294,0.043658545464950294,0.0043658545464950295,1.3969838619232178e-09,4.718447854656915e-16
test_7,0.29999999999999993,predicted_canonical,1e-05,-0.03742412228393732,2.703079564458921e-06,-0.004429206344866543,6.962240990199264e-06,0.03742412228393732,0.03742412228393732,0.0037424122283937324,2.0954757928848267e-09,4.718447854656915e-16
test_7,0.29999999999999993,predicted_canonical,0.0001,-0.009455983409679902,6.88832237805137e-07,0.023538932529390877,4.94799366354548e-06,0.009455983409679902,0.009455983409679902,0.0009455983409679902,2.9802322387695312e-08,4.718447854656915e-16
test_7,0.29999999999999993,predicted_corrected,1e-07,0.0033948546010833525,7.186920109730766e-07,0.00103746637569202,5.010499800062185e-07,0.0033948546010833525,0.0071869201097307656,0.0007186920109730766,4.656612873077393e-10,5.273559366969494e-16
test_7,0.29999999999999993,predicted_corrected,1e-06,0.003867450373036263,3.8000999550563686e-07,0.0015100621476449305,7.871484833769926e-07,0.003867450373036263,0.003867450373036263,0.0003867450373036263,1.3969838619232178e-09,5.273559366969494e-16
test_7,0.29999999999999993,predicted_corrected,1e-05,0.003506557462969795,2.532956598078062e-07,0.0011491692375784623,9.012118881018827e-07,0.003506557462969795,0.003506557462969795,0.00035065574629697947,4.889443516731262e-09,5.273559366969494e-16
test_7,0.29999999999999993,predicted_corrected,0.0001,0.0008860380289661407,6.454419881896101e-08,-0.0014713501964251918,8.5812947362221e-07,0.0008860380289661407,0.0008860380289661407,8.860380289661407e-05,3.189779818058014e-08,5.273559366969494e-16
test_7,0.29999999999999993,oracle_canonical,1e-07,-0.04196038708278138,8.983011010599284e-07,-0.009114561639307794,4.8519895949339364e-06,0.04196038708278138,0.04196038708278138,0.004196038708278138,1.6298145055770874e-09,5.551115123125783e-16
test_7,0.29999999999999993,oracle_canonical,1e-06,-0.04367818466971585,2.7968079801821144e-06,-0.01083235922624226,6.750496474056122e-06,0.04367818466971585,0.04367818466971585,0.0043678184669715845,2.3283064365386963e-09,5.551115123125783e-16
test_7,0.29999999999999993,oracle_canonical,1e-05,-0.037594643926695426,2.7154186996725116e-06,-0.004748818483221839,6.66910719354652e-06,0.037594643926695426,0.037594643926695426,0.0037594643926695424,2.0954757928848267e-09,5.551115123125783e-16
test_7,0.29999999999999993,oracle_canonical,0.0001,-0.009499077513737575,6.919714928554921e-07,0.02334674792973601,4.6456599867295e-06,0.009499077513737575,0.009499077513737575,0.0009499077513737575,2.9802322387695312e-08,5.551115123125783e-16
test_8,0.3,predicted_canonical,1e-07,0.03982640553431338,7.580757372116498e-07,0.008926559321025707,4.755786113780358e-06,0.03982640553431338,0.03982640553431338,0.003982640553431338,3.026798367500305e-09,1.1102230246251565e-16
test_8,0.3,predicted_canonical,1e-06,0.04149999884475619,2.6335793440468436e-06,0.010600152631468518,6.631289720615552e-06,0.04149999884475619,0.04149999884475619,0.004149999884475619,1.862645149230957e-09,1.1102230246251565e-16
test_8,0.3,predicted_canonical,1e-05,0.03568120772251859,2.577871469094939e-06,0.004781361509230919,6.575581845663647e-06,0.03568120772251859,0.03568120772251859,0.0035681207722518594,6.28642737865448e-09,1.1102230246251565e-16
test_8,0.3,predicted_canonical,0.0001,0.009012617889766261,6.565778076506046e-07,-0.021887228323521413,4.654288184219313e-06,0.009012617889766261,0.009012617889766261,0.0009012617889766261,2.491287887096405e-08,1.1102230246251565e-16
test_8,0.3,predicted_corrected,1e-07,0.03982640528374759,7.580757384051395e-07,0.008926559324663685,4.755786114973848e-06,0.03982640528374759,0.03982640528374759,0.003982640528374759,3.026798367500305e-09,1.1102230246251565e-16
test_8,0.3,predicted_corrected,1e-06,0.04149999859737363,2.6335793455456447e-06,0.010600152638289728,6.631289722114353e-06,0.04149999859737363,0.04149999859737363,0.0041499998597373635,2.561137080192566e-09,1.1102230246251565e-16
test_8,0.3,predicted_corrected,1e-05,0.035681207492416434,2.577871471509674e-06,0.004781361533332529,6.575581848078382e-06,0.035681207492416434,0.035681207492416434,0.0035681207492416433,6.28642737865448e-09,1.1102230246251565e-16
test_8,0.3,predicted_corrected,0.0001,0.009012617757434782,6.565778172262782e-07,-0.021887228201649123,4.6542881937949865e-06,0.009012617757434782,0.009012617757434782,0.0009012617757434782,2.468004822731018e-08,1.1102230246251565e-16
test_8,0.3,oracle_canonical,1e-07,0.03982217138945998,8.50041207672847e-07,0.008907405193440354,4.731748302233552e-06,0.03982217138945998,0.03982217138945998,0.0039822171389459985,3.026798367500305e-09,1.942890293094024e-16
test_8,0.3,oracle_canonical,1e-06,0.04156253103246854,2.6761562537946926e-06,0.010647764836448914,6.557863348355397e-06,0.04156253103246854,0.04156253103246854,0.004156253103246854,4.889443516731262e-09,1.942890293094024e-16
test_8,0.3,oracle_canonical,1e-05,0.035789371617283905,2.5856938531965135e-06,0.0048746054212642775,6.467400947757218e-06,0.035789371617283905,0.035789371617283905,0.0035789371617283906,6.28642737865448e-09,1.942890293094024e-16
test_8,0.3,oracle_canonical,0.0001,0.009039942578965565,6.585684295401517e-07,-0.021874823617054062,4.540275524100856e-06,0.009039942578965565,0.009039942578965565,0.0009039942578965565,3.213062882423401e-08,1.942890293094024e-16
test_9,0.30000000000000004,predicted_canonical,1e-07,0.04784213802531667,1.0018931814737009e-06,0.010257016297600785,5.502510591504084e-06,0.04784213802531667,0.04784213802531667,0.004784213802531667,1.1641532182693481e-09,4.440892098500626e-16
test_9,0.30000000000000004,predicted_canonical,1e-06,0.04953190650940087,3.0317201399343574e-06,0.011946784781684983,7.79855259883111e-06,0.04953190650940087,0.04953190650940087,0.004953190650940087,2.561137080192566e-09,4.440892098500626e-16
test_9,0.30000000000000004,predicted_canonical,1e-05,0.04246765407060593,3.0611451901363385e-06,0.004882532342890045,7.827977649033091e-06,0.04246765407060593,0.04246765407060593,0.004246765407060593,2.561137080192566e-09,4.440892098500626e-16
test_9,0.30000000000000004,predicted_canonical,0.0001,0.010758137392713252,7.832846903310653e-07,-0.026826984335002635,5.550117149227818e-06,0.010758137392713252,0.010758137392713252,0.0010758137392713253,3.003515303134918e-08,4.440892098500626e-16
test_9,0.30000000000000004,predicted_corrected,1e-07,0.047842137485531566,1.001893181824115e-06,0.010257016303057753,5.502510593918819e-06,0.047842137485531566,0.047842137485531566,0.004784213748553157,6.984919309616089e-10,4.440892098500626e-16
test_9,0.30000000000000004,predicted_corrected,1e-06,0.04953190597598223,3.0317201430152263e-06,0.011946784793508414,7.798552601911979e-06,0.04953190597598223,0.04953190597598223,0.004953190597598222,2.561137080192566e-09,4.440892098500626e-16
test_9,0.30000000000000004,predicted_corrected,1e-05,0.04246765357675031,3.061145195992765e-06,0.004882532394276495,7.827977654889517e-06,0.04246765357675031,0.04246765357675031,0.004246765357675031,3.725290298461914e-09,4.440892098500626e-16
test_9,0.30000000000000004,predicted_corrected,0.0001,0.010758137110315147,7.832847113142805e-07,-0.026826984072158666,5.550117170211033e-06,0.010758137110315147,0.010758137110315147,0.0010758137110315146,3.189779818058014e-08,4.440892098500626e-16
test_9,0.30000000000000004,oracle_canonical,1e-07,0.04632817575338777,9.788734542381938e-07,0.010195565390404226,5.415974462658069e-06,0.04632817575338777,0.04632817575338777,0.004632817575338777,1.1641532182693481e-09,4.440892098500626e-16
test_9,0.30000000000000004,oracle_canonical,1e-06,0.048295255409357196,3.088786828003842e-06,0.012162645046373655,7.525887836423717e-06,0.048295255409357196,0.048295255409357196,0.004829525540935719,2.561137080192566e-09,4.440892098500626e-16
test_9,0.30000000000000004,oracle_canonical,1e-05,0.04159293278644327,2.9981209507812245e-06,0.005460322423459729,7.435221959201099e-06,0.04159293278644327,0.04159293278644327,0.004159293278644327,1.862645149230957e-09,4.440892098500626e-16
test_9,0.30000000000000004,oracle_canonical,0.0001,0.010536553426845785,7.671515576956889e-07,-0.025596056936137757,5.204252566115564e-06,0.010536553426845785,0.010536553426845785,0.0010536553426845785,3.003515303134918e-08,4.440892098500626e-16
test_10,0.30000000000000004,predicted_canonical,1e-07,0.018577066646685125,3.599427161049551e-07,0.004171144235897373,2.2230426476033127e-06,0.018577066646685125,0.018577066646685125,0.0018577066646685125,2.3283064365386963e-09,2.498001805406602e-16
test_10,0.30000000000000004,predicted_canonical,1e-06,0.01936033347101329,1.233407257911212e-06,0.004954411060225539,3.0965071894095697e-06,0.01936033347101329,0.01936033347101329,0.0019360333471013292,1.862645149230957e-09,2.498001805406602e-16
test_10,0.30000000000000004,predicted_canonical,1e-05,0.016644952896058385,1.2040723907091877e-06,0.002239030485270632,3.0671723222075453e-06,0.016644952896058385,0.016644952896058385,0.0016644952896058384,4.190951585769653e-09,2.498001805406602e-16
test_10,0.30000000000000004,predicted_canonical,0.0001,0.004197467706944735,3.05887389417947e-07,-0.010208454703843017,2.1689873209163046e-06,0.004197467706944735,0.004197467706944735,0.00041974677069447355,2.9802322387695312e-08,2.498001805406602e-16
test_10,0.30000000000000004,predicted_corrected,1e-07,0.01857706649298052,3.5994271685435564e-07,0.004171144237261615,2.2230426483527133e-06,0.01857706649298052,0.01857706649298052,0.0018577066492980522,2.3283064365386963e-09,2.498001805406602e-16
test_10,0.30000000000000004,predicted_corrected,1e-06,0.019360333320946665,1.2334072588549017e-06,0.0049544110652277595,3.0965071903532593e-06,0.019360333320946665,0.019360333320946665,0.0019360333320946666,1.862645149230957e-09,2.498001805406602e-16
test_10,0.30000000000000004,predicted_corrected,1e-05,0.016644952753722464,1.2040723922912555e-06,0.002239030498003558,3.067172323789613e-06,0.016644952753722464,0.016644952753722464,0.0016644952753722465,2.3283064365386963e-09,2.498001805406602e-16
test_10,0.30000000000000004,predicted_corrected,0.0001,0.004197467625090212,3.0588739552417366e-07,-0.010208454630628694,2.1689873270225313e-06,0.004197467625090212,0.004197467625090212,0.00041974676250902123,2.9802322387695312e-08,2.498001805406602e-16
test_10,0.30000000000000004,oracle_canonical,1e-07,0.01876735746373015,4.0395596520581556e-07,0.004166293933849374,2.2159508410168893e-06,0.01876735746373015,0.01876735746373015,0.001876735746373015,2.3283064365386963e-09,3.3306690738754696e-16
test_10,0.30000000000000004,oracle_canonical,1e-06,0.019570765984099125,1.2611543768470401e-06,0.00496970245421835,3.073149252658114e-06,0.019570765984099125,0.019570765984099125,0.0019570765984099126,2.7939677238464355e-09,3.3306690738754696e-16
test_10,0.30000000000000004,oracle_canonical,1e-05,0.016846171818542643,1.2186312145501255e-06,0.002245108288661868,3.0306260903611992e-06,0.016846171818542643,0.016846171818542643,0.0016846171818542643,3.259629011154175e-09,3.3306690738754696e-16
test_10,0.30000000000000004,oracle_canonical,0.0001,0.0042482121884859225,3.095853491896783e-07,-0.010352851341394853,2.121580225000752e-06,0.0042482121884859225,0.0042482121884859225,0.0004248212188485923,2.9802322387695312e-08,3.3306690738754696e-16
test_11,0.6000000000000001,predicted_canonical,1e-07,-0.10845277205817183,6.326896215831657e-06,-0.022310994794224825,1.2247325063163839e-05,0.10845277205817183,0.10845277205817183,0.010845277205817183,3.4924596548080444e-09,1.942890293094024e-16
test_11,0.6000000000000001,predicted_canonical,1e-06,-0.11066801334754928,6.076132515103749e-06,-0.02452623608360227,1.8135047527650938e-05,0.11066801334754928,0.11066801334754928,0.011066801334754928,2.561137080192566e-09,1.942890293094024e-16
test_11,0.6000000000000001,predicted_canonical,1e-05,-0.09391119097745104,6.769448219146046e-06,-0.007769413713504036,1.8828363231693235e-05,0.09391119097745104,0.09391119097745104,0.009391119097745104,2.3283064365386963e-09,1.942890293094024e-16
test_11,0.6000000000000001,predicted_canonical,0.0001,-0.023788737352788303,1.7320432185718992e-06,0.0623530399111587,1.3790958231119088e-05,0.023788737352788303,0.023788737352788303,0.00237887373527883,3.003515303134918e-08,1.942890293094024e-16
test_11,0.6000000000000001,predicted_corrected,1e-07,0.040858315421246516,5.85123596043291e-06,0.011051753527681285,5.4601881015470255e-06,0.040858315421246516,0.0585123596043291,0.00585123596043291,1.3969838619232178e-09,2.220446049250313e-16
test_11,0.6000000000000001,predicted_corrected,1e-06,0.04519313422133564,3.926060680392585e-06,0.01538657232777041,7.792549440503033e-06,0.04519313422133564,0.04519313422133564,0.004519313422133564,2.3283064365386963e-09,2.220446049250313e-16
test_11,0.6000000000000001,predicted_corrected,1e-05,0.0403716660016471,2.910234177727622e-06,0.010565104108081869,8.55547714670099e-06,0.0403716660016471,0.0403716660016471,0.00403716660016471,3.026798367500305e-09,2.220446049250313e-16
test_11,0.6000000000000001,predicted_corrected,0.0001,0.01022752164180929,7.44647585315672e-07,-0.01957904025175594,8.064164495242415e-06,0.01022752164180929,0.01022752164180929,0.0010227521641809289,3.003515303134918e-08,2.220446049250313e-16
test_11,0.6000000000000001,oracle_canonical,1e-07,-0.10176151312271031,2.1547106935915217e-06,-0.02202374853504807,1.171547402070705e-05,0.10176151312271031,0.10176151312271031,0.010176151312271032,2.3283064365386963e-09,2.220446049250313e-16
test_11,0.6000000000000001,oracle_canonical,1e-06,-0.10591943450754115,6.7558604986417414e-06,-0.026181669919878914,1.631662382575727e-05,0.10591943450754115,0.10591943450754115,0.010591943450754116,3.958120942115784e-09,2.220446049250313e-16
test_11,0.6000000000000001,oracle_canonical,1e-05,-0.09119712842402805,6.573987258062797e-06,-0.01145936383636581,1.6134750585178326e-05,0.09119712842402805,0.09119712842402805,0.009119712842402806,4.656612873077393e-10,2.220446049250313e-16
test_11,0.6000000000000001,oracle_canonical,0.0001,-0.023101349383523484,1.681994381053098e-06,0.05663641520413876,1.1242757708168627e-05,0.023101349383523484,0.023101349383523484,0.0023101349383523482,3.003515303134918e-08,2.220446049250313e-16
test_12,0.6,predicted_canonical,1e-07,0.1003740488126823,9.629359303386237e-06,0.023301977956180053,1.1680068117775333e-05,0.1003740488126823,0.1003740488126823,0.01003740488126823,3.026798367500305e-09,4.440892098500626e-16
test_12,0.6,predicted_canonical,1e-06,0.10832152542752738,8.593776546661491e-06,0.031249454571025126,1.5527144048611136e-05,0.10832152542752738,0.10832152542752738,0.010832152542752738,3.026798367500305e-09,4.440892098500626e-16
test_12,0.6,predicted_canonical,1e-05,0.09578338830579014,6.8547947622565886e-06,0.01871131744928789,1.6344979256167208e-05,0.09578338830579014,0.09578338830579014,0.009578338830579014,2.0954757928848267e-09,4.440892098500626e-16
test_12,0.6,predicted_canonical,0.0001,0.02448314033790666,1.7792780513947726e-06,-0.05258893051859559,1.5219744345804087e-05,0.02448314033790666,0.02448314033790666,0.002448314033790666,2.537854015827179e-08,4.440892098500626e-16
test_12,0.6,predicted_corrected,1e-07,0.17136525865180374,9.364939712853959e-06,0.03911525731246002,2.0038461541166397e-05,0.17136525865180374,0.17136525865180374,0.017136525865180375,3.026798367500305e-09,4.440892098500626e-16
test_12,0.6,predicted_corrected,1e-06,0.18248127268952885,1.3283418089010679e-05,0.050231271350185125,2.5951501970794544e-05,0.18248127268952885,0.18248127268952885,0.018248127268952884,3.958120942115784e-09,4.440892098500626e-16
test_12,0.6,predicted_corrected,1e-05,0.15973563915304112,1.1431042138798642e-05,0.027485637813697394,2.4099126020582506e-05,0.15973563915304112,0.15973563915304112,0.015973563915304113,2.0954757928848267e-09,4.440892098500626e-16
test_12,0.6,predicted_corrected,0.0001,0.04083134059646909,2.967338037063172e-06,-0.09141866074287464,2.1993415361017815e-05,0.04083134059646909,0.04083134059646909,0.004083134059646909,2.561137080192566e-08,4.440892098500626e-16
test_12,0.6,oracle_canonical,1e-07,0.1072878701584159,2.1599207772615703e-06,0.024391341245973308,1.2874971570986382e-05,0.1072878701584159,0.1072878701584159,0.01072878701584159,3.026798367500305e-09,1.1102230246251565e-16
test_12,0.6,oracle_canonical,1e-06,0.11228756912896642,7.132772612744587e-06,0.029391040216523834,1.78478234064694e-05,0.11228756912896642,0.11228756912896642,0.011228756912896643,3.026798367500305e-09,1.1102230246251565e-16
test_12,0.6,oracle_canonical,1e-05,0.09687329561256774,6.932505886764195e-06,0.013976766700125154,1.7647556680489007e-05,0.09687329561256774,0.09687329561256774,0.009687329561256775,2.0954757928848267e-09,1.1102230246251565e-16
test_12,0.6,oracle_canonical,0.0001,0.024761630569628323,1.7995167024553727e-06,-0.05813489834281427,1.2514567496180184e-05,0.024761630569628323,0.024761630569628323,0.0024761630569628324,1.816079020500183e-08,1.1102230246251565e-16
test_13,0.6,predicted_canonical,1e-07,-0.013370409031267627,1.4021473094538717e-06,-0.003061674739001319,1.5352891565290072e-06,0.013370409031267627,0.014021473094538717,0.0014021473094538717,1.862645149230957e-09,4.440892098500626e-16
test_13,0.6,predicted_canonical,1e-06,-0.014445860994328541,1.1816011667997728e-06,-0.004137126702062233,2.071324198250901e-06,0.014445860994328541,0.014445860994328541,0.0014445860994328542,2.7939677238464355e-09,4.440892098500626e-16
test_13,0.6,predicted_canonical,1e-05,-0.012788120457116747,9.255408889297101e-07,-0.002479386164850439,2.216228167657708e-06,0.012788120457116747,0.012788120457116747,0.0012788120457116747,2.561137080192566e-09,4.440892098500626e-16
test_13,0.6,predicted_canonical,0.0001,-0.00322303518305489,2.349027085069011e-07,0.0070856991092114185,2.0575654556612144e-06,0.00322303518305489,0.00322303518305489,0.000322303518305489,2.9336661100387573e-08,4.440892098500626e-16
test_13,0.6,predicted_corrected,1e-07,-0.01337040915768739,1.4021473095406078e-06,-0.0030616747376370768,1.5352891559183846e-06,0.01337040915768739,0.014021473095406078,0.0014021473095406078,1.862645149230957e-09,4.440892098500626e-16
test_13,0.6,predicted_corrected,1e-06,-0.01444586111983881,1.1816011660781278e-06,-0.004137126699788496,2.0713241971129226e-06,0.01444586111983881,0.01444586111983881,0.001444586111983881,2.7939677238464355e-09,4.440892098500626e-16
test_13,0.6,predicted_corrected,1e-05,-0.012788120573532069,9.255408875141757e-07,-0.002479386153481755,2.2162281662907457e-06,0.012788120573532069,0.012788120573532069,0.0012788120573532069,4.6566128730773926e-09,4.440892098500626e-16
test_13,0.6,predicted_corrected,0.0001,-0.003223035249448003,2.3490270334436403e-07,0.007085699170602311,2.0575654533470933e-06,0.003223035249448003,0.003223035249448003,0.0003223035249448003,3.3527612686157227e-08,4.440892098500626e-16
test_13,0.6,oracle_canonical,1e-07,-0.014300070335139026,3.085053564555462e-07,-0.0031871211058387416,1.6949562771373383e-06,0.014300070335139026,0.014300070335139026,0.0014300070335139027,2.7939677238464355e-09,4.440892098500626e-16
test_13,0.6,oracle_canonical,1e-06,-0.014916390628059162,9.626233129500505e-07,-0.0038034413987588778,2.3490742336318426e-06,0.014916390628059162,0.014916390628059162,0.0014916390628059162,2.7939677238464355e-09,4.440892098500626e-16
test_13,0.6,oracle_canonical,1e-05,-0.012839615771554236,9.292142040540075e-07,-0.0017266665422539518,2.3156651247357996e-06,0.012839615771554236,0.012839615771554236,0.0012839615771554236,3.259629011154175e-09,4.440892098500626e-16
test_13,0.6,oracle_canonical,0.0001,-0.0032359914348489838,2.3584699418432997e-07,0.0078769577944513,1.622297914866122e-06,0.0032359914348489838,0.0032359914348489838,0.0003235991434848984,2.7008354663848877e-08,4.440892098500626e-16
test_14,0.6000000000000001,predicted_canonical,1e-07,0.028569440199589735,8.634823485155485e-07,0.006265951039949869,3.3861780882882275e-06,0.028569440199589735,0.028569440199589735,0.0028569440199589734,9.313225746154785e-10,5.551115123125783e-16
test_14,0.6000000000000001,predicted_canonical,1e-06,0.029509095908906602,1.778039151523192e-06,0.007205606749266735,4.832132032089875e-06,0.029509095908906602,0.029509095908906602,0.00295090959089066,6.984919309616089e-10,5.551115123125783e-16
test_14,0.6000000000000001,predicted_canonical,1e-05,0.025202410456131474,1.827329804249267e-06,0.002898921296491608,4.88142268481595e-06,0.025202410456131474,0.025202410456131474,0.0025202410456131473,3.026798367500305e-09,5.551115123125783e-16
test_14,0.6000000000000001,predicted_canonical,0.0001,0.00633621087854408,4.620184310133446e-07,-0.015967278281095787,3.516111311580028e-06,0.00633621087854408,0.00633621087854408,0.000633621087854408,2.3050233721733093e-08,5.551115123125783e-16
test_14,0.6000000000000001,predicted_corrected,1e-07,0.028569440149567527,8.634823485675902e-07,0.006265951040859363,3.386178088593539e-06,0.028569440149567527,0.028569440149567527,0.0028569440149567526,9.313225746154785e-10,5.551115123125783e-16
test_14,0.6000000000000001,predicted_corrected,1e-06,0.029509095860248635,1.7780391518285033e-06,0.007205606751540472,4.832132032395187e-06,0.029509095860248635,0.029509095860248635,0.0029509095860248634,9.313225746154785e-10,5.551115123125783e-16
test_14,0.6000000000000001,predicted_corrected,1e-05,0.025202410408383003,1.8273298049431563e-06,0.0028989212996748392,4.88142268550984e-06,0.025202410408383003,0.025202410408383003,0.0025202410408383,9.313225746154785e-10,5.551115123125783e-16
test_14,0.6000000000000001,predicted_corrected,0.0001,0.006336210850804491,4.620184332893018e-07,-0.015967278257903672,3.516111313855985e-06,0.006336210850804491,0.006336210850804491,0.0006336210850804491,2.3050233721733093e-08,5.551115123125783e-16
test_14,0.6000000000000001,oracle_canonical,1e-07,0.027648105434764148,6.020355436675562e-07,0.0061897776790829084,3.294270477988137e-06,0.027648105434764148,0.027648105434764148,0.002764810543476415,2.0954757928848267e-09,3.3306690738754696e-16
test_14,0.6000000000000001,oracle_canonical,1e-06,0.028844798067439115,1.8689323241505296e-06,0.007386470311757876,4.5611672584711105e-06,0.028844798067439115,0.028844798067439115,0.0028844798067439114,6.984919309616089e-10,3.3306690738754696e-16
test_14,0.6000000000000001,oracle_canonical,1e-05,0.024821924077969015,1.799772065880223e-06,0.0033635963222877763,4.492007000200804e-06,0.024821924077969015,0.024821924077969015,0.0024821924077969015,5.587935447692871e-09,3.3306690738754696e-16
test_14,0.6000000000000001,oracle_canonical,0.0001,0.006240562474431499,4.5504404302953994e-07,-0.01521776528124974,3.147278977350121e-06,0.006240562474431499,0.006240562474431499,0.00062405624744315,2.3050233721733093e-08,3.3306690738754696e-16
test_15,0.6,predicted_canonical,1e-07,-0.09684557236778346,9.429643914635188e-06,-0.015814378321010736,9.026842476722585e-06,0.09684557236778346,0.09684557236778346,0.009684557236778347,1.1641532182693481e-09,6.661338147750939e-16
test_15,0.6,predicted_canonical,1e-06,-0.0964143838768905,4.579340000865351e-06,-0.015383189830117772,1.439515756457288e-05,0.0964143838768905,0.0964143838768905,0.00964143838768905,1.1641532182693481e-09,6.661338147750939e-16
test_15,0.6,predicted_canonical,1e-05,-0.08104138852922915,5.807022207204859e-06,-1.0194482456427068e-05,1.562283977091239e-05,0.08104138852922915,0.08104138852922915,0.008104138852922915,8.381903171539307e-09,6.661338147750939e-16
test_15,0.6,predicted_canonical,0.0001,-0.02068120115200145,1.503493486681995e-06,0.060349992894771276,1.1319311050389524e-05,0.02068120115200145,0.02068120115200145,0.002068120115200145,2.468004822731018e-08,6.661338147750939e-16
test_15,0.6,predicted_corrected,1e-07,-0.04195468565603733,9.23853092681809e-06,-0.0035829574876515835,2.5511823149582114e-06,0.04195468565603733,0.09238530926818089,0.00923853092681809,1.1641532182693481e-09,6.661338147750939e-16
test_15,0.6,predicted_corrected,1e-06,-0.03909027371355478,3.3714798544949576e-06,-0.0007185455451690359,6.574363445692455e-06,0.03909027371355478,0.03909027371355478,0.003909027371355478,1.1641532182693481e-09,6.661338147750939e-16
test_15,0.6,predicted_corrected,1e-05,-0.03159509209672251,2.263734582508281e-06,0.0067766360716632335,1.1061011327952175e-05,0.03159509209672251,0.03159509209672251,0.003159509209672251,5.820766091346741e-09,6.661338147750939e-16
test_15,0.6,predicted_corrected,0.0001,-0.00806301238026208,5.86165693594598e-07,0.030308715788123664,1.0233637832018222e-05,0.00806301238026208,0.00806301238026208,0.0008063012380262081,2.468004822731018e-08,6.661338147750939e-16
test_15,0.6,oracle_canonical,1e-07,-0.07305832139627455,1.4944299560337715e-06,-0.015576741088352719,8.273492276472671e-06,0.07305832139627455,0.07305832139627455,0.007305832139627455,1.1641532182693481e-09,5.551115123125783e-16
test_15,0.6,oracle_canonical,1e-06,-0.07599571926630233,4.789135334748451e-06,-0.0185141389583805,1.1568197655187351e-05,0.07599571926630233,0.07599571926630233,0.007599571926630233,1.1641532182693481e-09,5.551115123125783e-16
test_15,0.6,oracle_canonical,1e-05,-0.06549543841720151,4.693247822457058e-06,-0.008013858109279681,1.1472310142895958e-05,0.06549543841720151,0.06549543841720151,0.006549543841720152,5.3551048040390015e-09,5.551115123125783e-16
test_15,0.6,oracle_canonical,0.0001,-0.016714214268631622,1.2150969903035325e-06,0.04076736603929021,7.994159310742432e-06,0.016714214268631622,0.016714214268631622,0.0016714214268631622,2.468004822731018e-08,5.551115123125783e-16
