label,kind,requested_label_radius,measured_time_norm,measured_euclidean_norm,dt_s,success,future_dT_K,future_max_dY,increment_dT_K,increment_max_dY,scaled_future,scaled_increment,gain_future,gain_increment,gain_T,gain_Y,gain_denominator_status
transverse_r0_s+0,transverse_ray,0.0,0.0,0.0,1e-07,True,3.637978807091713e-12,3.3306690738754696e-16,9.094947017729282e-13,6.938893903907228e-16,5.721788305998049e-14,8.6501607808691e-14,,,,,unresolved
transverse_r0_s+0,transverse_ray,0.0,0.0,0.0,1e-06,True,5.002220859751105e-12,4.163336342344337e-16,2.2737367544323206e-12,8.326672684688674e-16,7.628044147777734e-14,1.0789641086448388e-13,,,,,unresolved
transverse_r0_s+0,transverse_ray,0.0,0.0,0.0,1e-05,True,1.3642420526593924e-12,5.551115123125783e-16,1.3642420526593924e-12,9.71445146547012e-16,7.179991570721591e-14,1.1937545257517656e-13,,,,,unresolved
transverse_r0_s+0,transverse_ray,0.0,0.0,0.0,0.0001,True,4.547473508864641e-13,3.885780586188048e-16,2.2737367544323206e-12,8.049116928532385e-16,5.4606281514409205e-14,1.0463304125462558e-13,,,,,unresolved
transverse_r0.03_s+1,transverse_ray,0.03,0.01732050807568877,0.03,1e-07,True,0.003047958681236196,6.4919539244368e-08,0.0006648899393439933,3.536751537747129e-07,3.171990318224981e-05,4.7586867160578066e-05,0.6815502912956949,1.022476108731967,1.2790057742170113,0.16239299176067842,resolved
transverse_r0.03_s+1,transverse_ray,0.03,0.01732050807568877,0.03,1e-06,True,0.0031743154936521023,2.0313086507295353e-07,0.0007912467517598998,4.918864796032985e-07,3.931515808876714e-05,6.20020627332957e-05,0.8447458774946685,1.332208477245876,1.3320285050323957,0.5081217347209279,resolved
transverse_r0.03_s+1,transverse_ray,0.03,0.01732050807568877,0.03,1e-05,True,0.002732793143422896,1.972274407679997e-07,0.0003497244015306933,4.859830552983446e-07,3.556931334331783e-05,5.9188314449526174e-05,0.7642607145122653,1.271750822270781,1.1467538033556706,0.4933546130550525,resolved
transverse_r0.03_s+1,transverse_ray,0.03,0.01732050807568877,0.03,0.0001,True,0.0006912106446179678,5.034173333751113e-08,0.0016918580972742348,3.3909734786785606e-07,9.030406437941208e-06,4.764783322884536e-05,0.19403199634422133,1.023786057294798,0.290050652953105,0.12592733685807758,resolved
transverse_r0.03_s-1,transverse_ray,0.03,0.01732050807568877,0.03,1e-07,True,0.003049341485620971,6.493318954747807e-08,0.0006664231450486113,3.54437152821907e-07,3.172660231132965e-05,4.769448143185199e-05,0.6800669769609826,1.0223421180369674,1.2796667991940258,0.16189869286191594,resolved
transverse_r0.03_s-1,transverse_ray,0.03,0.01732050807568877,0.03,1e-06,True,0.003176294687364134,2.0332066741346466e-07,0.0007933763467917743,4.928246306878936e-07,3.934273606577837e-05,6.21409837885192e-05,0.8433205459278943,1.3320062002147803,1.3329431534784406,0.5069418353765551,resolved
transverse_r0.03_s-1,transverse_ray,0.03,0.01732050807568877,0.03,1e-05,True,0.002734578460604098,1.9735553874467016e-07,0.0003516601200317382,4.868595020190991e-07,3.5592495250753934e-05,5.9316009651865766e-05,0.7629332763135053,1.2714522334756189,1.1475753969593738,0.4920689092048809,resolved
transverse_r0.03_s-1,transverse_ray,0.03,0.01732050807568877,0.03,0.0001,True,0.0006916655356690171,5.037482159186979e-08,0.0016912528049033426,3.3987878486629874e-07,9.03634627585971e-06,4.776613129463913e-05,0.1936961491902975,1.0238779492333612,0.2902598565349428,0.12560014109445042,resolved
transverse_r0.1_s+1,transverse_ray,0.1,0.05773502691896258,0.1,1e-07,True,0.010154121206142008,2.1630792762517004e-07,0.002210662835295807,1.1760999442389508e-06,0.00010570046939665452,0.00015822641208039807,0.6831307483031277,1.0226002580951876,1.278299794886482,0.1629031648049099,resolved
transverse_r0.1_s+1,transverse_ray,0.1,0.05773502691896258,0.1,1e-06,True,0.010573174276942154,6.76354357964648e-07,0.002629715906095953,1.6361463745784288e-06,0.00013094079544194388,0.0002061626509309928,0.8462562568004361,1.3324070063884048,1.3310542818160214,0.5093676715952841,resolved
transverse_r0.1_s+1,transverse_ray,0.1,0.05773502691896258,0.1,1e-05,True,0.009102272446398274,6.56907795965056e-07,0.0011588140755520726,1.6166998125788368e-06,0.00011847210619313278,0.00019682520132692166,0.7656724612362408,1.2720600753701992,1.1458828159539567,0.49472231611021855,resolved
transverse_r0.1_s+1,transverse_ray,0.1,0.05773502691896258,0.1,0.0001,True,0.0023022958130241022,1.6767849161936077e-07,0.005641162557822099,1.1274705082331415e-06,3.007858325115235e-05,0.0001583947230642139,0.19439464367135512,1.0236880338541605,0.2898354476777906,0.1262799623407282,resolved
transverse_r0.1_s-1,transverse_ray,0.1,0.05773502691896258,0.1,1e-07,True,0.010169011501602654,2.1644815148547103e-07,0.0022276261911429174,1.1845267832433226e-06,0.00010576989187880503,0.00015941689414072303,0.67817679535644,1.0221513558689461,1.280508513824266,0.16125200725285158,resolved
transverse_r0.1_s-1,transverse_ray,0.1,0.05773502691896258,0.1,1e-06,True,0.010594684897569095,6.784336940846014e-07,0.002653299587109359,1.646512325842453e-06,0.00013124132489426206,0.00020769944814058423,0.8414948673400268,1.3317300758771835,1.334110420711441,0.5054272545563984,resolved
transverse_r0.1_s-1,transverse_ray,0.1,0.05773502691896258,0.1,1e-05,True,0.009121698176386417,6.583012909511243e-07,0.0011803128659266804,1.626379922708976e-06,0.00011872432398988968,0.0001982375674115647,0.7612381949542062,1.2710622635454478,1.1486280818501615,0.4904287877466012,resolved
transverse_r0.1_s-1,transverse_ray,0.1,0.05773502691896258,0.1,0.0001,True,0.002307247121279943,1.6803855693026115e-07,0.005634138189179794,1.1361171886881127e-06,3.014322969000013e-05,0.00015970439389071674,0.1932727598538256,1.023994750578472,0.29053458950556493,0.12518727655983714,resolved
transverse_r0.3_s+1,transverse_ray,0.3,0.17320508075688773,0.3,1e-07,True,0.03041950521992476,6.477882497635257e-07,0.0065914207984860695,3.5078295095580803e-06,0.0003168430379020424,0.0004718143890562083,0.6868411139808726,1.0227825194371487,1.2766240324612754,0.1639974085289196,resolved
transverse_r0.3_s+1,transverse_ray,0.3,0.17320508075688773,0.3,1e-06,True,0.031661779080423,2.0232607320369578e-06,0.007833694658984314,4.883301991831512e-06,0.00039199691618446426,0.0006148149248098257,0.8497570291332844,1.3327740153122838,1.328758893095752,0.5122191039332877,resolved
transverse_r0.3_s+1,transverse_ray,0.3,0.17320508075688773,0.3,1e-05,True,0.027255909469204198,1.9667648640531166e-06,0.0034278250477655092,4.826806123847671e-06,0.00035473282699617387,0.0005871178444203501,0.7689772566028843,1.272733265562224,1.1438565092828619,0.49791631911845946,resolved
transverse_r0.3_s+1,transverse_ray,0.3,0.17320508075688773,0.3,0.0001,True,0.00689528388556937,5.021719087228149e-07,0.01693280053586932,3.3622131685173695e-06,9.008278159404966e-05,0.00047212596575449135,0.19527826292235498,1.023457944366654,0.28937634111139543,0.12713242590711757,resolved
transverse_r0.3_s-1,transverse_ray,0.3,0.17320508075688773,0.3,1e-07,True,0.030516123104462167,6.481472971942015e-07,0.006738370726452558,3.580520506474283e-06,0.0003170730424124372,0.0004821145910556552,0.6717296975638909,1.021375661509883,1.2833897257961357,0.15895265742528303,resolved
transverse_r0.3_s-1,transverse_ray,0.3,0.17320508075688773,0.3,1e-06,True,0.03181747868393359,2.0396398871247445e-06,0.008039726305923978,4.972013096404826e-06,0.0003942368197215678,0.0006281103189622691,0.8352037046897537,1.3306724260855494,1.3381196918073452,0.5002044776743735,resolved
transverse_r0.3_s-1,transverse_ray,0.3,0.17320508075688773,0.3,1e-05,True,0.027398317931329075,1.9769487777654415e-06,0.003620565553319466,4.909321987045523e-06,0.0003565794903319729,0.0005993172309792034,0.7554254104220471,1.269673319584288,1.1522669382606523,0.48483001191213404,resolved
transverse_r0.3_s-1,transverse_ray,0.3,0.17320508075688773,0.3,0.0001,True,0.006931723047273408,5.048197256607434e-07,0.0168460293307362,3.4371929349408248e-06,9.055839277115888e-05,0.00048353740066764736,0.1918509417426794,1.0243899305977964,0.2915213741431708,0.12380277949448089,resolved
transverse_r0.6_s+1,transverse_ray,0.6,0.34641016151377546,0.6,1e-07,True,0.06085333391411041,1.2927003446294716e-06,0.013120578917096282,6.9836948441981406e-06,0.0006341729939687749,0.0009391843199526272,0.6905277698018635,1.022643442810653,1.2748757937378017,0.16475925024235852,resolved
transverse_r0.6_s+1,transverse_ray,0.6,0.34641016151377546,0.6,1e-06,True,0.06331367656684961,4.039192893545707e-06,0.015580921569835482,9.730187393114376e-06,0.0007834922004952168,0.0012240745855331928,0.8531159904481129,1.3328500293423002,1.3264199095738374,0.5148094803947815,resolved
transverse_r0.6_s+1,transverse_ray,0.6,0.34641016151377546,0.6,1e-05,True,0.05450472347729374,3.931044575300469e-06,0.006771968480279611,9.622039074869138e-06,0.0007092284781726414,0.001169332396318537,0.7722529403966346,1.2732432624317416,1.1418725669763503,0.5010255931210725,resolved
transverse_r0.6_s+1,transverse_ray,0.6,0.34641016151377546,0.6,0.0001,True,0.013797589185742254,1.00472683520203e-06,0.03393516581127187,6.695721334770699e-06,0.00018024775753677135,0.0009397247630214226,0.19626518821736857,1.023231911494355,0.2890591416021419,0.12805600366240527,resolved
transverse_r0.6_s-1,transverse_ray,0.6,0.34641016151377546,0.6,1e-07,True,0.06073620639062938,1.2820064530794095e-06,0.013630938717142271,7.231848200811575e-06,0.0006297941461572959,0.0009747807608086909,0.6586255436025719,1.019405328547789,1.289371855640985,0.15405933676875802,resolved
transverse_r0.6_s-1,transverse_ray,0.6,0.34641016151377546,0.6,1e-06,True,0.06342589639370999,4.073259483983183e-06,0.016320628720222885,1.0023101231715348e-05,0.0007861905276940045,0.0012700099307386096,0.8221816078111509,1.3281498186622853,1.3464714144785308,0.48948556622486267,resolved
transverse_r0.6_s-1,transverse_ray,0.6,0.34641016151377546,0.6,1e-05,True,0.054637419195842085,3.9400290680891015e-06,0.0075321515223549795,9.889870815821267e-06,0.0007109121595986382,0.0012112154648058512,0.7434570651794986,1.2666637960911666,1.159900408051272,0.4734752025790593,resolved
transverse_r0.6_s-1,transverse_ray,0.6,0.34641016151377546,0.6,0.0001,True,0.013833796257586073,1.0073252294240387e-06,0.03327147141590103,6.957166977156204e-06,0.00018071792062189168,0.000980294876208306,0.18899102100989093,1.0251718750848091,0.29367832815378175,0.12105076100259833,resolved
transverse_r1_s+1,transverse_ray,1.0,0.5773502691896258,1.0,1e-07,True,0.10232155577068625,2.159225369807727e-06,0.02197910557015348,1.1695602220196388e-05,0.0010664913962592614,0.0015730292631065941,0.6927724558391303,1.0218097863062898,1.2735677778720238,0.1644278743930115,resolved
transverse_r1_s+1,transverse_ray,1.0,0.5773502691896258,1.0,1e-06,True,0.10643801086825988,6.7729824179130205e-06,0.026095560667727113,1.6309359268301682e-05,0.0013160849819415874,0.0020508967539282995,0.8549036853280224,1.3322233877131198,1.324804142798648,0.5157715900577097,resolved
transverse_r1_s+1,transverse_ray,1.0,0.5773502691896258,1.0,1e-05,True,0.09164597011385922,6.601887068774515e-06,0.011303519913326454,1.6138263919163176e-05,0.001191940325727671,0.0019599879278971175,0.7742616860898851,1.2731707494190136,1.1406917499418197,0.5027424523999395,resolved
transverse_r1_s+1,transverse_ray,1.0,0.5773502691896258,1.0,0.0001,True,0.02323487300236593,1.6914251233512978e-06,0.05710757719816684,1.122780197373996e-05,0.0003034954468998649,0.0015750205703792364,0.19714484975901456,1.0231033015042907,0.2891979637709861,0.12880426546320026,resolved
transverse_r1_s-1,transverse_ray,1.0,0.5773502691896258,1.0,1e-07,True,0.09871468371557057,2.051080659787319e-06,0.022884355431870063,1.2103710936545165e-05,0.00102012387682199,0.0016348629055519123,0.6330601578402182,1.0145498919798457,1.3017836787710304,0.14425495746493555,resolved
transverse_r1_s-1,transverse_ray,1.0,0.5773502691896258,1.0,1e-06,True,0.10341845472203204,6.662543625329809e-06,0.02758812643833153,1.6715173902087654e-05,0.0012827610046426696,0.0021306687587647525,0.7960453651964362,1.3222330457854843,1.3638138863795677,0.468584666670246,resolved
transverse_r1_s-1,transverse_ray,1.0,0.5773502691896258,1.0,1e-05,True,0.08916203081707863,6.419905066584741e-06,0.01333170253337812,1.6472535343342587e-05,0.0011594112958974356,0.0020308454097017893,0.7194980086821754,1.260285485739337,1.1758096375832745,0.4515196064523059,resolved
transverse_r1_s-1,transverse_ray,1.0,0.5773502691896258,1.0,0.0001,True,0.022618659650106565,1.6463672108391059e-06,0.053211668633593945,1.1698997487596952e-05,0.0002954316094137268,0.0016542676945431494,0.18333653935156283,1.0265919577139784,0.2982798592864377,0.11579097625340894,resolved
heldout_0,held_out,0.1,0.10000000000000003,0.17320508075688779,1e-07,True,0.009369901916670642,1.9913936302740076e-07,0.002043104678250529,1.0865477910182442e-06,9.750689469228972e-05,0.00014623690792366095,0.6815151018390037,1.022108862257671,1.278853721723994,0.1620471689655891,resolved
heldout_0,held_out,0.1,0.10000000000000003,0.17320508075688779,1e-06,True,0.009758404787135078,6.239529434792779e-07,0.0024316075487149647,1.5113613714701213e-06,0.00012082983722811118,0.00019054557405693523,0.8445285749646376,1.3318000405837165,1.3318786462336025,0.5077339131824526,resolved
heldout_0,held_out,0.1,0.10000000000000003,0.17320508075688779,1e-05,True,0.008401708038945799,6.060933312734829e-07,0.0010749108005256858,1.4935017592643263e-06,0.0001093350746598048,0.0001819157740864254,0.7641870328913677,1.2714828801991873,1.1467095056062273,0.49320087685666025,resolved
heldout_0,held_out,0.1,0.10000000000000003,0.17320508075688779,0.0001,True,0.002126237420270627,1.5483941764871112e-07,0.005200559818149486,1.0422478456395545e-06,2.7777219056498298e-05,0.0001464755422144668,0.19414621226359977,1.0237767737783288,0.2902001176067908,0.12599864181950632,resolved
heldout_1,held_out,0.3,0.3,0.5196152422706631,1e-07,True,0.0022658105121990957,4.8663858054354137e-08,0.000501254547998542,2.6668806041296733e-07,2.354986215944071e-05,3.5844142713399886e-05,0.6723498968263819,1.0233523021077788,1.2840683765026628,0.16083654355950106,resolved
heldout_1,held_out,0.3,0.3,0.5196152422706631,1e-06,True,0.002362289153097663,1.5208034545577398e-07,0.0005977331888971094,3.701045478143872e-07,2.9311092792548877e-05,4.668864856614413e-05,0.8368333573043204,1.3329635576582806,1.3387442512586543,0.502633331683677,resolved
heldout_1,held_out,0.3,0.3,0.5196152422706631,1e-05,True,0.0020333947850303957,1.470586362128934e-07,0.000268838820829842,3.650828385715066e-07,2.6488725134721706e-05,4.452754892907409e-05,0.7562546010169723,1.2712640407703193,1.1523549415740075,0.48603632541089864,resolved
heldout_1,held_out,0.3,0.3,0.5196152422706631,0.0001,True,0.0005129309215590183,3.7377235945212917e-08,0.0012516250426415354,2.554014383038261e-07,6.7027237262276055e-06,3.588202124054617e-05,0.19136314154510958,1.0244337362005271,0.2906855503398022,0.1235336793585379,resolved
heldout_2,held_out,0.6,0.6,1.0392304845413265,1e-07,True,0.06557610610570919,1.3736960431109946e-06,0.015517118263232987,8.206582041647703e-06,0.0006771845355141096,0.0011085683882497124,0.6192196756232188,1.0136784314736302,1.309976668167197,0.1412813334253454,resolved
heldout_2,held_out,0.6,0.6,1.0392304845413265,1e-06,True,0.06881224055223356,4.4676475790816905e-06,0.018753252709757362,1.1300533577618399e-05,0.0008555786942697094,0.001444090386873658,0.7823438571786286,1.3204808055039874,1.3746230900386842,0.45948680598781994,resolved
heldout_2,held_out,0.6,0.6,1.0392304845413265,1e-05,True,0.05932549834778911,4.2815585507560705e-06,0.009266510505312908,1.1114444549292779e-05,0.0007721651380327502,0.001375696824048972,0.7060702382064883,1.2579415158923808,1.1851118231649513,0.44034799708644917,resolved
heldout_2,held_out,0.6,0.6,1.0392304845413265,0.0001,True,0.01500534716888069,1.09285773267076e-06,0.03505364067359551,7.925743731207469e-06,0.00019603917164602005,0.0011234350781697854,0.1792588370080459,1.0272725796372613,0.29975330736008826,0.11239778879049235,resolved
heldout_3,held_out,0.1,0.09999999999999996,0.17320508075688767,1e-07,True,0.017032036060754763,3.6193190547373355e-07,0.0037024360872237594,1.9695126500518523e-06,0.0001773069757121568,0.00026498243224331295,0.6840550107342619,1.0223092453331055,1.2777604800275928,0.16281325692602638,resolved
heldout_3,held_out,0.1,0.09999999999999996,0.17320508075688767,1e-06,True,0.01773353772387054,1.1332308494926835e-06,0.004403937750339537,2.7408115940708022e-06,0.00021954589422327336,0.0003453051157085008,0.8470138776342989,1.3321962866031718,1.3303878405266905,0.5097782280715273,resolved
heldout_3,held_out,0.1,0.09999999999999996,0.17320508075688767,1e-05,True,0.015267503627910628,1.1013421417072067e-06,0.0019379036543796246,2.7089228862853254e-06,0.000198679360967181,0.00032971362230238896,0.7665102393924763,1.2720438918852366,1.1453834817419712,0.49543325241396513,resolved
heldout_3,held_out,0.1,0.09999999999999996,0.17320508075688767,0.0001,True,0.0038639788936052355,2.813843999471821e-07,0.009465621079925768,1.8889651445253008e-06,5.047890066377354e-05,0.00026532585741993004,0.1947489363953086,1.0236341887648777,0.2898795838793405,0.1265793645454148,resolved
heldout_4,held_out,0.3,0.3,0.5196152422706632,1e-07,True,0.02317176615997596,4.977455090315885e-07,0.004977186065843853,2.652862185009708e-06,0.00024175690556602026,0.00035637920081539506,0.6950557928832352,1.0245971150643882,1.2735532251963888,0.16790728600637178,resolved
heldout_4,held_out,0.3,0.3,0.5196152422706632,1e-06,True,0.02409446235606083,1.541116314479618e-06,0.005899882261928724,3.6962329904577373e-06,0.0002984382155442845,0.0004643274022647301,0.8580156585233263,1.3349502881124158,1.3242659204776857,0.5198734154083403,resolved
heldout_4,held_out,0.3,0.3,0.5196152422706632,1e-05,True,0.020732885248435196,1.4982588440182187e-06,0.002538305154303089,3.653375519996338e-06,0.00026999732902743085,0.0004435017649464162,0.7762475581168812,1.2750761768654615,1.1395088614945124,0.5054160643731246,resolved
heldout_4,held_out,0.3,0.3,0.5196152422706632,0.0001,True,0.005235249535871844,3.8141613878384106e-07,0.012959330558260262,2.5365328147619604e-06,6.840595535106759e-05,0.0003558062686487996,0.19666844851092521,1.0229499239722084,0.287736760551031,0.128665246677615,resolved
heldout_5,held_out,0.6,0.6000000000000001,1.0392304845413267,1e-07,True,0.10524338393406651,2.1507586153712843e-06,0.023421986318680865,1.239502414587812e-05,0.0010903983803946268,0.0016733165172929214,0.6616390952372592,1.015345993219989,1.2862574705553136,0.15034333162892477,resolved
heldout_5,held_out,0.6,0.6000000000000001,1.0392304845413267,1e-06,True,0.10990357681248497,6.97752070613622e-06,0.028082179197099322,1.7221786236643055e-05,0.001357277110820379,0.002183104204767228,0.8235775251834387,1.324678316495748,1.343213144917226,0.4877459060133695,resolved
heldout_5,held_out,0.6,0.6000000000000001,1.0392304845413267,1e-05,True,0.0947577970596285,6.793349758726919e-06,0.012936399444242852,1.7037615289233754e-05,0.0012300238538657728,0.002084310207633895,0.746361957633743,1.2647314456516132,1.1581053345611674,0.47487190256878026,resolved
heldout_5,held_out,0.6,0.6000000000000001,1.0392304845413267,0.0001,True,0.024167758689145558,1.7571734813037754e-06,0.05765363892624009,1.200143901181061e-05,0.00031552036340877975,0.0016892648336231974,0.19145351967522506,1.0250232174135014,0.29537210795090435,0.12283076005886445,resolved
heldout_6,held_out,0.1,0.09999999999999998,0.1732050807568877,1e-07,True,0.008624456717370776,1.8448120370218035e-07,0.0018917195293397526,1.0063057137854603e-06,8.971490431273139e-05,0.00013539347922225653,0.6777557510263597,1.0228368396234266,1.280973321326535,0.161869287835229,resolved
heldout_6,held_out,0.1,0.09999999999999998,0.1732050807568877,1e-06,True,0.00898548645182018,5.764062186719432e-07,0.0022527492637891555,1.3982307287552231e-06,0.00011137118970254733,0.00017636350728541224,0.8413592468028467,1.332346974558438,1.3345963463112642,0.5057559374495886,resolved
heldout_6,held_out,0.1,0.09999999999999998,0.1732050807568877,1e-05,True,0.007735055280591041,5.587409369900431e-07,0.0010023180925600172,1.380565447073323e-06,0.00010071396011537767,0.00016829589562901111,0.7608486705720084,1.2713997970625666,1.148872303279841,0.4902558945841154,resolved
heldout_6,held_out,0.1,0.09999999999999998,0.1732050807568877,0.0001,True,0.001954215226305678,1.4236012874091486e-07,0.004778521961725346,9.641846388241948e-07,2.55334780261018e-05,0.0001355499722984067,0.19289394229939416,1.0240190744278785,0.29025568230700305,0.12491100552782795,resolved
heldout_7,held_out,0.3,0.29999999999999993,0.5196152422706631,1e-07,True,0.014560338881892676,3.111744405204231e-07,0.0031273452918867406,1.6662578619930368e-06,0.00015186517271536946,0.00022383207074335977,0.6947171873704654,1.0239344798400682,1.2735368709224577,0.16701200546579933,resolved
heldout_7,held_out,0.3,0.29999999999999993,0.5196152422706631,1e-06,True,0.015141944527840678,9.671679389866572e-07,0.003708950937834743,2.322251360459271e-06,0.00018746418653585198,0.0002917113491730709,0.8575672096127608,1.3344526885132877,1.324407681036128,0.5190935889279248,resolved
heldout_7,held_out,0.3,0.29999999999999993,0.5196152422706631,1e-05,True,0.013031577708261466,9.409347616617936e-07,0.0015985841182555305,2.2960181831344073e-06,0.00016964770876334956,0.00027866396461286724,0.776064564169757,1.2747665725846935,1.139822007741955,0.5050138478430272,resolved
heldout_7,held_out,0.3,0.29999999999999993,0.5196152422706631,0.0001,True,0.0032941436757027986,2.399449595402725e-07,0.008138849914303137,1.5950283810128862e-06,4.303885328589568e-05,0.00022362858973695862,0.1968840555593795,1.0230036426380766,0.2881260843688699,0.12878207100560646,resolved
heldout_8,held_out,0.6,0.5999999999999999,1.0392304845413263,1e-07,True,0.01701800653063401,3.717778336020938e-07,0.0037836494248040253,2.0151264661649737e-06,0.00017696806548094876,0.00027095097219681556,0.6695731643044107,1.025165186340972,1.28589597473815,0.16250562740380656,resolved
heldout_8,held_out,0.6,0.5999999999999999,1.0392304845413263,1e-06,True,0.01774248920219179,1.1488893829902924e-06,0.0045081320963618055,2.7922380155531723e-06,0.00022056586229378172,0.0003525638517351917,0.8345289979421577,1.3339541978046705,1.340638541057343,0.5021842969805239,resolved
heldout_8,held_out,0.6,0.5999999999999999,1.0392304845413263,1e-05,True,0.015264948212006857,1.107241045267271e-06,0.002030591106176871,2.750589677830151e-06,0.00019909424651851993,0.0003360623919536273,0.753289381753223,1.2715195737296647,1.153433301666188,0.4839796364540198,resolved
heldout_8,held_out,0.6,0.5999999999999999,1.0392304845413263,0.0001,True,0.0038358998313015036,2.7972966143430256e-07,0.009398457274528482,1.9230782939971824e-06,5.014108427695908e-05,0.0002707720719622839,0.18971289746393194,1.0244883026568756,0.28984406273967905,0.12227099096899927,resolved
heldout_9,held_out,0.1,0.10000000000000003,0.17320508075688779,1e-07,True,0.014275084795826842,3.045839903903502e-07,0.0031371579025289975,1.6682049625849071e-06,0.00014844088073949835,0.00022450766818283118,0.6759566424956682,1.0223426918742156,1.28166443653143,0.16093417757968054,resolved
heldout_9,held_out,0.1,0.10000000000000003,0.17320508075688779,1e-06,True,0.01487603193754694,9.539440366246321e-07,0.003738105044249096,2.317565008819189e-06,0.000184355554294368,0.0002924629361765119,0.8395016311237093,1.3317912384205919,1.3356194631245488,0.5040389640784274,resolved
heldout_9,held_out,0.1,0.10000000000000003,0.17320508075688779,1e-05,True,0.012807244254418038,9.247558280245372e-07,0.0016693173611201928,2.288376800219094e-06,0.00016672867663034916,0.0002790798981011959,0.7592339515997517,1.2708487713676113,1.1498768466620741,0.4886166815741489,resolved
heldout_9,held_out,0.1,0.10000000000000003,0.17320508075688779,0.0001,True,0.003237351489133289,2.3580945113232943e-07,0.007900575404164556,1.5994304233268863e-06,4.22969395070626e-05,0.00022490020158362118,0.1926079734545035,1.024130174933758,0.29066014889012587,0.12459551808636238,resolved
heldout_10,held_out,0.3,0.3,0.5196152422706631,1e-07,True,0.03129116603804505,6.747239268689587e-07,0.006759077590686502,3.6020453419438603e-06,0.0003262894424966568,0.000484068865902436,0.6907896964528918,1.0248256345053688,1.2755198606588374,0.16715982616687056,resolved
heldout_10,held_out,0.3,0.3,0.5196152422706631,1e-06,True,0.0325505811460971,2.0863931159131877e-06,0.008018492698738555,5.013714530988089e-06,0.00040343018791132325,0.0006304983481409279,0.8541049165268396,1.3348325314901475,1.326857320604595,0.5168945352067504,resolved
heldout_10,held_out,0.3,0.3,0.5196152422706631,1e-05,True,0.02800777796710463,2.0253943842918343e-06,0.0034756895197460835,4.952715799366736e-06,0.00036484004621257956,0.0006019769230278278,0.7724054534177248,1.2744496197859658,1.1416793163453771,0.5017823730791351,resolved
heldout_10,held_out,0.3,0.3,0.5196152422706631,0.0001,True,0.0070658532677043695,5.148768255358593e-07,0.017466235179654177,3.442198240610761e-06,9.233217930965811e-05,0.00048329742421689045,0.19547711268287887,1.0231924098330916,0.2880249385561454,0.1275584238628013,resolved
heldout_11,held_out,0.6,0.6,1.0392304845413263,1e-07,True,0.035761487715262774,7.668576219310719e-07,0.007919252901956497,4.210879814781077e-06,0.0003716564336805735,0.000566864849566013,0.6704085177136627,1.0225331491722631,1.2844330907722878,0.15996677855220143,resolved
heldout_11,held_out,0.6,0.6,1.0392304845413263,1e-06,True,0.03728734263449951,2.3985924401115355e-06,0.009445107821193233,5.84261463296154e-06,0.000462529400032917,0.0007381835314229278,0.8343287546626041,1.3315645371747258,1.3392366986532007,0.5003472544722187,resolved
heldout_11,held_out,0.6,0.6,1.0392304845413263,1e-05,True,0.03209978958693682,2.3202237179331675e-06,0.004257554773630545,5.764245910783172e-06,0.00041806420973139355,0.0007041002702528309,0.7541206925427356,1.2700838078527334,1.1529171347838711,0.48399951055261425,resolved
heldout_11,held_out,0.6,0.6,1.0392304845413263,0.0001,True,0.008103086622213596,5.903881697411073e-07,0.01973914819109268,4.034410362591112e-06,0.00010588088756351889,0.0005679230017252296,0.19099211651660422,1.0244418857264797,0.291035783461642,0.12315518670987935,resolved
